,channelGrouping,date,fullVisitorId,sessionId,socialEngagementType,visitId,visitNumber,visitStartTime,device.browser,device.browserVersion,device.browserSize,device.operatingSystem,device.operatingSystemVersion,device.isMobile,device.mobileDeviceBranding,device.mobileDeviceModel,device.mobileInputSelector,device.mobileDeviceInfo,device.mobileDeviceMarketingName,device.flashVersion,device.language,device.screenColors,device.screenResolution,device.deviceCategory,geoNetwork.continent,geoNetwork.subContinent,geoNetwork.country,geoNetwork.region,geoNetwork.metro,geoNetwork.city,geoNetwork.cityId,geoNetwork.networkDomain,geoNetwork.latitude,geoNetwork.longitude,geoNetwork.networkLocation,totals.visits,totals.hits,totals.pageviews,totals.bounces,totals.newVisits,totals.transactionRevenue,trafficSource.campaign,trafficSource.source,trafficSource.medium,trafficSource.keyword,trafficSource.adwordsClickInfo.criteriaParameters,trafficSource.isTrueDirect,trafficSource.referralPath,trafficSource.adwordsClickInfo.page,trafficSource.adwordsClickInfo.slot,trafficSource.adwordsClickInfo.gclId,trafficSource.adwordsClickInfo.adNetworkType,trafficSource.adwordsClickInfo.isVideoAd,trafficSource.adContent,trafficSource.campaignCode
0,Organic Search,20160902,1131660440785968503,1131660440785968503_1472830385,Not Socially Engaged,1472830385,1,1472830385,Chrome,not available in demo dataset,not available in demo dataset,Windows,not available in demo dataset,False,not available in demo dataset,not available in demo dataset,not available in demo dataset,not available in demo dataset,not available in demo dataset,not available in demo dataset,not available in demo dataset,not available in demo dataset,not available in demo dataset,desktop,Asia,Western Asia,Turkey,Izmir,(not set),Izmir,not available in demo dataset,ttnet.com.tr,not available in demo dataset,not available in demo dataset,not available in demo dataset,1,1,1,1,1,,(not set),google,organic,(not provided),not available in demo dataset,,,,,,,,,
1,Organic Search,20160902,377306020877927890,377306020877927890_1472880147,Not Socially Engaged,1472880147,1,1472880147,Firefox,not available in demo dataset,not available in demo dataset,Macintosh,not available in demo dataset,False,not available in demo dataset,not available in demo dataset,not available in demo dataset,not available in demo dataset,not available in demo dataset,not available in demo dataset,not available in demo dataset,not available in demo dataset,not available in demo dataset,desktop,Oceania,Australasia,Australia,not available in demo dataset,not available in demo dataset,not available in demo dataset,not available in demo dataset,dodo.net.au,not available in demo dataset,not available in demo dataset,not available in demo dataset,1,1,1,1,1,,(not set),google,organic,(not provided),not available in demo dataset,,,,,,,,,
2,Organic Search,20160902,3895546263509774583,3895546263509774583_1472865386,Not Socially Engaged,1472865386,1,1472865386,Chrome,not available in demo dataset,not available in demo dataset,Windows,not available in demo dataset,False,not available in demo dataset,not available in demo dataset,not available in demo dataset,not available in demo dataset,not available in demo dataset,not available in demo dataset,not available in demo dataset,not available in demo dataset,not available in demo dataset,desktop,Europe,Southern Europe,Spain,Community of Madrid,(not set),Madrid,not available in demo dataset,unknown.unknown,not available in demo dataset,not available in demo dataset,not available in demo dataset,1,1,1,1,1,,(not set),google,organic,(not provided),not available in demo dataset,,,,,,,,,
3,Organic Search,20160902,4763447161404445595,4763447161404445595_1472881213,Not Socially Engaged,1472881213,1,1472881213,UC Browser,not available in demo dataset,not available in demo dataset,Linux,not available in demo dataset,False,not available in demo dataset,not available in demo dataset,not available in demo dataset,not available in demo dataset,not available in demo dataset,not available in demo dataset,not available in demo dataset,not available in demo dataset,not available in demo dataset,desktop,Asia,Southeast Asia,Indonesia,not available in demo dataset,not available in demo dataset,not available in demo dataset,not available in demo dataset,unknown.unknown,not available in demo dataset,not available in demo dataset,not available in demo dataset,1,1,1,1,1,,(not set),google,organic,google + online,not available in demo dataset,,,,,,,,,
4,Organic Search,20160902,27294437909732085,27294437909732085_1472822600,Not Socially Engaged,1472822600,2,1472822600,Chrome,not available in demo dataset,not available in demo dataset,Android,not available in demo dataset,True,not available in demo dataset,not available in demo dataset,not available in demo dataset,not available in demo dataset,not available in demo dataset,not available in demo dataset,not available in demo dataset,not available in demo dataset,not available in demo dataset,mobile,Europe,Northern Europe,United Kingdom,not available in demo dataset,not available in demo dataset,not available in demo dataset,not available in demo dataset,unknown.unknown,not available in demo dataset,not available in demo dataset,not available in demo dataset,1,1,1,1,,,(not set),google,organic,(not provided),not available in demo dataset,True,,,,,,,,
5,Organic Search,20160902,2938943183656635653,2938943183656635653_1472807194,Not Socially Engaged,1472807194,1,1472807194,Chrome,not available in demo dataset,not available in demo dataset,Windows,not available in demo dataset,False,not available in demo dataset,not available in demo dataset,not available in demo dataset,not available in demo dataset,not available in demo dataset,not available in demo dataset,not available in demo dataset,not available in demo dataset,not available in demo dataset,desktop,Europe,Southern Europe,Italy,not available in demo dataset,not available in demo dataset,not available in demo dataset,not available in demo dataset,fastwebnet.it,not available in demo dataset,not available in demo dataset,not available in demo dataset,1,1,1,1,1,,(not set),google,organic,(not provided),not available in demo dataset,,,,,,,,,
6,Organic Search,20160902,1905672039242460897,1905672039242460897_1472817241,Not Socially Engaged,1472817241,1,1472817241,Chrome,not available in demo dataset,not available in demo dataset,Windows,not available in demo dataset,False,not available in demo dataset,not available in demo dataset,not available in demo dataset,not available in demo dataset,not available in demo dataset,not available in demo dataset,not available in demo dataset,not available in demo dataset,not available in demo dataset,desktop,Asia,Southern Asia,Pakistan,not available in demo dataset,not available in demo dataset,not available in demo dataset,not available in demo dataset,unknown.unknown,not available in demo dataset,not available in demo dataset,not available in demo dataset,1,1,1,1,1,,(not set),google,organic,(not provided),not available in demo dataset,,,,,,,,,
7,Organic Search,20160902,537222803633850821,537222803633850821_1472812602,Not Socially Engaged,1472812602,1,1472812602,Chrome,not available in demo dataset,not available in demo dataset,Windows,not available in demo dataset,False,not available in demo dataset,not available in demo dataset,not available in demo dataset,not available in demo dataset,not available in demo dataset,not available in demo dataset,not available in demo dataset,not available in demo dataset,not available in demo dataset,desktop,Oceania,Australasia,Australia,Queensland,(not set),Brisbane,not available in demo dataset,bigpond.net.au,not available in demo dataset,not available in demo dataset,not available in demo dataset,1,1,1,1,1,,(not set),google,organic,(not provided),not available in demo dataset,,,,,,,,,
8,Organic Search,20160902,4445454811831400414,4445454811831400414_1472805784,Not Socially Engaged,1472805784,1,1472805784,Internet Explorer,not available in demo dataset,not available in demo dataset,Windows,not available in demo dataset,False,not available in demo dataset,not available in demo dataset,not available in demo dataset,not available in demo dataset,not available in demo dataset,not available in demo dataset,not available in demo dataset,not available in demo dataset,not available in demo dataset,desktop,Europe,Western Europe,Austria,not available in demo dataset,not available in demo dataset,not available in demo dataset,not available in demo dataset,spar.at,not available in demo dataset,not available in demo dataset,not available in demo dataset,1,1,1,1,1,,(not set),google,organic,(not provided),not available in demo dataset,,,,,,,,,
9,Organic Search,20160902,9499785259412240342,9499785259412240342_1472812272,Not Socially Engaged,1472812272,1,1472812272,Firefox,not available in demo dataset,not available in demo dataset,Windows,not available in demo dataset,False,not available in demo dataset,not available in demo dataset,not available in demo dataset,not available in demo dataset,not available in demo dataset,not available in demo dataset,not available in demo dataset,not available in demo dataset,not available in demo dataset,desktop,Europe,Western Europe,Netherlands,not available in demo dataset,not available in demo dataset,not available in demo dataset,not available in demo dataset,chello.nl,not available in demo dataset,not available in demo dataset,not available in demo dataset,1,1,1,1,1,,(not set),google,organic,(not provided),not available in demo dataset,,,,,,,,,
10,Organic Search,20160902,0523069750702990437,0523069750702990437_1472834967,Not Socially Engaged,1472834967,1,1472834967,Chrome,not available in demo dataset,not available in demo dataset,Android,not available in demo dataset,True,not available in demo dataset,not available in demo dataset,not available in demo dataset,not available in demo dataset,not available in demo dataset,not available in demo dataset,not available in demo dataset,not available in demo dataset,not available in demo dataset,tablet,Asia,Southern Asia,India,not available in demo dataset,not available in demo dataset,not available in demo dataset,not available in demo dataset,airtelbroadband.in,not available in demo dataset,not available in demo dataset,not available in demo dataset,1,1,1,1,1,,(not set),google,organic,(not provided),not available in demo dataset,,,,,,,,,
11,Organic Search,20160902,982320996976275749,982320996976275749_1472849434,Not Socially Engaged,1472849434,1,1472849434,Safari,not available in demo dataset,not available in demo dataset,Macintosh,not available in demo dataset,False,not available in demo dataset,not available in demo dataset,not available in demo dataset,not available in demo dataset,not available in demo dataset,not available in demo dataset,not available in demo dataset,not available in demo dataset,not available in demo dataset,desktop,Europe,Western Europe,France,not available in demo dataset,not available in demo dataset,not available in demo dataset,not available in demo dataset,wanadoo.fr,not available in demo dataset,not available in demo dataset,not available in demo dataset,1,1,1,1,1,,(not set),google,organic,(not provided),not available in demo dataset,,,,,,,,,
12,Organic Search,20160902,357659889600827884,357659889600827884_1472839882,Not Socially Engaged,1472839882,1,1472839882,Safari,not available in demo dataset,not available in demo dataset,iOS,not available in demo dataset,True,not available in demo dataset,not available in demo dataset,not available in demo dataset,not available in demo dataset,not available in demo dataset,not available in demo dataset,not available in demo dataset,not available in demo dataset,not available in demo dataset,mobile,Asia,Western Asia,Turkey,Izmir,(not set),Izmir,not available in demo dataset,unknown.unknown,not available in demo dataset,not available in demo dataset,not available in demo dataset,1,1,1,1,1,,(not set),google,organic,(not provided),not available in demo dataset,,,,,,,,,
13,Organic Search,20160902,1438082600262726746,1438082600262726746_1472803483,Not Socially Engaged,1472803483,1,1472803483,Safari,not available in demo dataset,not available in demo dataset,iOS,not available in demo dataset,True,not available in demo dataset,not available in demo dataset,not available in demo dataset,not available in demo dataset,not available in demo dataset,not available in demo dataset,not available in demo dataset,not available in demo dataset,not available in demo dataset,mobile,Asia,Southern Asia,Pakistan,Sindh,(not set),Karachi,not available in demo dataset,unknown.unknown,not available in demo dataset,not available in demo dataset,not available in demo dataset,1,1,1,1,1,,(not set),google,organic,(not provided),not available in demo dataset,,,,,,,,,
14,Organic Search,20160902,3531015320757710684,3531015320757710684_1472868337,Not Socially Engaged,1472868337,1,1472868337,Chrome,not available in demo dataset,not available in demo dataset,Linux,not available in demo dataset,False,not available in demo dataset,not available in demo dataset,not available in demo dataset,not available in demo dataset,not available in demo dataset,not available in demo dataset,not available in demo dataset,not available in demo dataset,not available in demo dataset,desktop,Americas,South America,Brazil,not available in demo dataset,not available in demo dataset,not available in demo dataset,not available in demo dataset,cabotelecom.com.br,not available in demo dataset,not available in demo dataset,not available in demo dataset,1,1,1,1,1,,(not set),google,organic,(not provided),not available in demo dataset,,,,,,,,,
15,Organic Search,20160902,9638207207743070032,9638207207743070032_1472824614,Not Socially Engaged,1472824614,1,1472824614,Chrome,not available in demo dataset,not available in demo dataset,Macintosh,not available in demo dataset,False,not available in demo dataset,not available in demo dataset,not available in demo dataset,not available in demo dataset,not available in demo dataset,not available in demo dataset,not available in demo dataset,not available in demo dataset,not available in demo dataset,desktop,Asia,Eastern Asia,China,not available in demo dataset,not available in demo dataset,not available in demo dataset,not available in demo dataset,unknown.unknown,not available in demo dataset,not available in demo dataset,not available in demo dataset,1,1,1,1,1,,(not set),baidu,organic,,not available in demo dataset,,,,,,,,,
16,Organic Search,20160902,9876750586615598787,9876750586615598787_1472801099,Not Socially Engaged,1472801099,1,1472801099,Chrome,not available in demo dataset,not available in demo dataset,Windows,not available in demo dataset,False,not available in demo dataset,not available in demo dataset,not available in demo dataset,not available in demo dataset,not available in demo dataset,not available in demo dataset,not available in demo dataset,not available in demo dataset,not available in demo dataset,desktop,Europe,Western Europe,Netherlands,not available in demo dataset,not available in demo dataset,not available in demo dataset,not available in demo dataset,igmholding.nl,not available in demo dataset,not available in demo dataset,not available in demo dataset,1,1,1,1,1,,(not set),google,organic,(not provided),not available in demo dataset,,,,,,,,,
17,Organic Search,20160902,2222266935962032743,2222266935962032743_1472826820,Not Socially Engaged,1472826820,1,1472826820,Internet Explorer,not available in demo dataset,not available in demo dataset,Windows,not available in demo dataset,False,not available in demo dataset,not available in demo dataset,not available in demo dataset,not available in demo dataset,not available in demo dataset,not available in demo dataset,not available in demo dataset,not available in demo dataset,not available in demo dataset,desktop,Europe,Western Europe,France,Ile-de-France,(not set),Paris,not available in demo dataset,nerim.net,not available in demo dataset,not available in demo dataset,not available in demo dataset,1,1,1,1,1,,(not set),google,organic,(not provided),not available in demo dataset,,,,,,,,,
18,Organic Search,20160902,9674781571160116268,9674781571160116268_1472804607,Not Socially Engaged,1472804607,1,1472804607,Chrome,not available in demo dataset,not available in demo dataset,Windows,not available in demo dataset,False,not available in demo dataset,not available in demo dataset,not available in demo dataset,not available in demo dataset,not available in demo dataset,not available in demo dataset,not available in demo dataset,not available in demo dataset,not available in demo dataset,desktop,Asia,Southeast Asia,Singapore,(not set),(not set),Singapore,not available in demo dataset,unknown.unknown,not available in demo dataset,not available in demo dataset,not available in demo dataset,1,1,1,1,1,,(not set),google,organic,(not provided),not available in demo dataset,,,,,,,,,
19,Organic Search,20160902,3696906537737368442,3696906537737368442_1472856874,Not Socially Engaged,1472856874,1,1472856874,Chrome,not available in demo dataset,not available in demo dataset,Windows,not available in demo dataset,False,not available in demo dataset,not available in demo dataset,not available in demo dataset,not available in demo dataset,not available in demo dataset,not available in demo dataset,not available in demo dataset,not available in demo dataset,not available in demo dataset,desktop,Americas,South America,Argentina,Buenos Aires,(not set),Buenos Aires,not available in demo dataset,phonevision.com.ar,not available in demo dataset,not available in demo dataset,not available in demo dataset,1,1,1,1,1,,(not set),google,organic,(not provided),not available in demo dataset,,,,,,,,,
20,Organic Search,20160902,4478318070775453050,4478318070775453050_1472826420,Not Socially Engaged,1472826420,1,1472826420,Chrome,not available in demo dataset,not available in demo dataset,Windows,not available in demo dataset,False,not available in demo dataset,not available in demo dataset,not available in demo dataset,not available in demo dataset,not available in demo dataset,not available in demo dataset,not available in demo dataset,not available in demo dataset,not available in demo dataset,desktop,Europe,Eastern Europe,Poland,not available in demo dataset,not available in demo dataset,not available in demo dataset,not available in demo dataset,tpnet.pl,not available in demo dataset,not available in demo dataset,not available in demo dataset,1,1,1,1,1,,(not set),google,organic,(not provided),not available in demo dataset,,,,,,,,,
21,Organic Search,20160902,6098154234696452861,6098154234696452861_1472863754,Not Socially Engaged,1472863754,1,1472863754,Chrome,not available in demo dataset,not available in demo dataset,Android,not available in demo dataset,True,not available in demo dataset,not available in demo dataset,not available in demo dataset,not available in demo dataset,not available in demo dataset,not available in demo dataset,not available in demo dataset,not available in demo dataset,not available in demo dataset,mobile,Europe,Western Europe,Germany,(not set),(not set),(not set),not available in demo dataset,live-servers.net,not available in demo dataset,not available in demo dataset,not available in demo dataset,1,1,1,1,1,,(not set),baidu,organic,,not available in demo dataset,,,,,,,,,
22,Organic Search,20160902,3323434834508685818,3323434834508685818_1472872530,Not Socially Engaged,1472872530,1,1472872530,Safari,not available in demo dataset,not available in demo dataset,iOS,not available in demo dataset,True,not available in demo dataset,not available in demo dataset,not available in demo dataset,not available in demo dataset,not available in demo dataset,not available in demo dataset,not available in demo dataset,not available in demo dataset,not available in demo dataset,mobile,Americas,Northern America,Canada,not available in demo dataset,not available in demo dataset,not available in demo dataset,not available in demo dataset,unknown.unknown,not available in demo dataset,not available in demo dataset,not available in demo dataset,1,1,1,1,1,,(not set),google,organic,(not provided),not available in demo dataset,,,,,,,,,
23,Organic Search,20160902,3053576296023059465,3053576296023059465_1472808484,Not Socially Engaged,1472808484,1,1472808484,Chrome,not available in demo dataset,not available in demo dataset,Macintosh,not available in demo dataset,False,not available in demo dataset,not available in demo dataset,not available in demo dataset,not available in demo dataset,not available in demo dataset,not available in demo dataset,not available in demo dataset,not available in demo dataset,not available in demo dataset,desktop,Asia,Southeast Asia,Thailand,Bangkok,(not set),Bangkok,not available in demo dataset,asianet.co.th,not available in demo dataset,not available in demo dataset,not available in demo dataset,1,1,1,1,1,,(not set),google,organic,(not provided),not available in demo dataset,,,,,,,,,
24,Organic Search,20160902,702736826487255366,702736826487255366_1472806593,Not Socially Engaged,1472806593,1,1472806593,Chrome,not available in demo dataset,not available in demo dataset,Windows,not available in demo dataset,False,not available in demo dataset,not available in demo dataset,not available in demo dataset,not available in demo dataset,not available in demo dataset,not available in demo dataset,not available in demo dataset,not available in demo dataset,not available in demo dataset,desktop,Asia,Southeast Asia,Indonesia,Jakarta,(not set),Jakarta,not available in demo dataset,cbn.net.id,not available in demo dataset,not available in demo dataset,not available in demo dataset,1,1,1,1,1,,(not set),google,organic,(not provided),not available in demo dataset,,,,,,,,,
25,Organic Search,20160902,8794587387581803040,8794587387581803040_1472816048,Not Socially Engaged,1472816048,1,1472816048,Internet Explorer,not available in demo dataset,not available in demo dataset,Windows,not available in demo dataset,False,not available in demo dataset,not available in demo dataset,not available in demo dataset,not available in demo dataset,not available in demo dataset,not available in demo dataset,not available in demo dataset,not available in demo dataset,not available in demo dataset,desktop,Europe,Western Europe,Germany,not available in demo dataset,not available in demo dataset,not available in demo dataset,not available in demo dataset,hafele.com,not available in demo dataset,not available in demo dataset,not available in demo dataset,1,1,1,1,1,,(not set),google,organic,(not provided),not available in demo dataset,,,,,,,,,
26,Organic Search,20160902,3293772317640873624,3293772317640873624_1472808002,Not Socially Engaged,1472808002,1,1472808002,Firefox,not available in demo dataset,not available in demo dataset,Windows,not available in demo dataset,False,not available in demo dataset,not available in demo dataset,not available in demo dataset,not available in demo dataset,not available in demo dataset,not available in demo dataset,not available in demo dataset,not available in demo dataset,not available in demo dataset,desktop,Europe,Western Europe,France,not available in demo dataset,not available in demo dataset,not available in demo dataset,not available in demo dataset,coltfrance.com,not available in demo dataset,not available in demo dataset,not available in demo dataset,1,1,1,1,1,,(not set),google,organic,(not provided),not available in demo dataset,,,,,,,,,
27,Organic Search,20160902,1283542838194038522,1283542838194038522_1472885255,Not Socially Engaged,1472885255,1,1472885255,Safari,not available in demo dataset,not available in demo dataset,Macintosh,not available in demo dataset,False,not available in demo dataset,not available in demo dataset,not available in demo dataset,not available in demo dataset,not available in demo dataset,not available in demo dataset,not available in demo dataset,not available in demo dataset,not available in demo dataset,desktop,Europe,Eastern Europe,Hungary,not available in demo dataset,not available in demo dataset,not available in demo dataset,not available in demo dataset,broadband.hu,not available in demo dataset,not available in demo dataset,not available in demo dataset,1,1,1,1,1,,(not set),google,organic,(not provided),not available in demo dataset,,,,,,,,,
28,Referral,20160902,4339756682310369249,4339756682310369249_1472828340,Not Socially Engaged,1472828340,1,1472828340,Chrome,not available in demo dataset,not available in demo dataset,Android,not available in demo dataset,True,not available in demo dataset,not available in demo dataset,not available in demo dataset,not available in demo dataset,not available in demo dataset,not available in demo dataset,not available in demo dataset,not available in demo dataset,not available in demo dataset,mobile,Asia,Southern Asia,India,Karnataka,(not set),Bengaluru,not available in demo dataset,unknown.unknown,not available in demo dataset,not available in demo dataset,not available in demo dataset,1,1,1,1,1,,(not set),googleweblight.com,referral,,not available in demo dataset,,/,,,,,,,
29,Organic Search,20160902,7598520899202646361,7598520899202646361_1472839261,Not Socially Engaged,1472839261,1,1472839261,Chrome,not available in demo dataset,not available in demo dataset,Windows,not available in demo dataset,False,not available in demo dataset,not available in demo dataset,not available in demo dataset,not available in demo dataset,not available in demo dataset,not available in demo dataset,not available in demo dataset,not available in demo dataset,not available in demo dataset,desktop,Asia,Southeast Asia,Malaysia,not available in demo dataset,not available in demo dataset,not available in demo dataset,not available in demo dataset,unknown.unknown,not available in demo dataset,not available in demo dataset,not available in demo dataset,1,1,1,1,1,,(not set),google,organic,(not provided),not available in demo dataset,,,,,,,,,
30,Organic Search,20160902,602999120596767867,602999120596767867_1472811390,Not Socially Engaged,1472811390,1,1472811390,Chrome,not available in demo dataset,not available in demo dataset,Android,not available in demo dataset,True,not available in demo dataset,not available in demo dataset,not available in demo dataset,not available in demo dataset,not available in demo dataset,not available in demo dataset,not available in demo dataset,not available in demo dataset,not available in demo dataset,mobile,Europe,Northern Europe,United Kingdom,England,London,London,not available in demo dataset,threembb.co.uk,not available in demo dataset,not available in demo dataset,not available in demo dataset,1,1,1,1,1,,(not set),google,organic,(not provided),not available in demo dataset,,,,,,,,,
31,Organic Search,20160902,1438836965936298791,1438836965936298791_1472833322,Not Socially Engaged,1472833322,1,1472833322,Internet Explorer,not available in demo dataset,not available in demo dataset,Windows,not available in demo dataset,False,not available in demo dataset,not available in demo dataset,not available in demo dataset,not available in demo dataset,not available in demo dataset,not available in demo dataset,not available in demo dataset,not available in demo dataset,not available in demo dataset,desktop,Europe,Northern Europe,Denmark,not available in demo dataset,not available in demo dataset,not available in demo dataset,not available in demo dataset,tdc.net,not available in demo dataset,not available in demo dataset,not available in demo dataset,1,1,1,1,1,,(not set),google,organic,(not provided),not available in demo dataset,,,,,,,,,
32,Organic Search,20160902,3982295596181714479,3982295596181714479_1472825889,Not Socially Engaged,1472825889,1,1472825889,Chrome,not available in demo dataset,not available in demo dataset,Macintosh,not available in demo dataset,False,not available in demo dataset,not available in demo dataset,not available in demo dataset,not available in demo dataset,not available in demo dataset,not available in demo dataset,not available in demo dataset,not available in demo dataset,not available in demo dataset,desktop,Asia,Eastern Asia,Taiwan,not available in demo dataset,not available in demo dataset,not available in demo dataset,not available in demo dataset,hinet.net,not available in demo dataset,not available in demo dataset,not available in demo dataset,1,1,1,1,1,,(not set),google,organic,(not provided),not available in demo dataset,,,,,,,,,
33,Organic Search,20160902,6035953832076917545,6035953832076917545_1472811667,Not Socially Engaged,1472811667,1,1472811667,Chrome,not available in demo dataset,not available in demo dataset,Macintosh,not available in demo dataset,False,not available in demo dataset,not available in demo dataset,not available in demo dataset,not available in demo dataset,not available in demo dataset,not available in demo dataset,not available in demo dataset,not available in demo dataset,not available in demo dataset,desktop,Europe,Western Europe,Netherlands,North Holland,(not set),Amsterdam,not available in demo dataset,(not set),not available in demo dataset,not available in demo dataset,not available in demo dataset,1,1,1,1,1,,(not set),google,organic,(not provided),not available in demo dataset,,,,,,,,,
34,Organic Search,20160902,7744123436363299201,7744123436363299201_1472809248,Not Socially Engaged,1472809248,1,1472809248,Chrome,not available in demo dataset,not available in demo dataset,Macintosh,not available in demo dataset,False,not available in demo dataset,not available in demo dataset,not available in demo dataset,not available in demo dataset,not available in demo dataset,not available in demo dataset,not available in demo dataset,not available in demo dataset,not available in demo dataset,desktop,Europe,Eastern Europe,Russia,Moscow,(not set),Moscow,not available in demo dataset,rambler.ru,not available in demo dataset,not available in demo dataset,not available in demo dataset,1,1,1,1,1,,(not set),google,organic,(not provided),not available in demo dataset,,,,,,,,,
35,Organic Search,20160902,3302616028763797827,3302616028763797827_1472804987,Not Socially Engaged,1472804987,1,1472804987,Chrome,not available in demo dataset,not available in demo dataset,Windows,not available in demo dataset,False,not available in demo dataset,not available in demo dataset,not available in demo dataset,not available in demo dataset,not available in demo dataset,not available in demo dataset,not available in demo dataset,not available in demo dataset,not available in demo dataset,desktop,Europe,Western Europe,Austria,not available in demo dataset,not available in demo dataset,not available in demo dataset,not available in demo dataset,billa.co.at,not available in demo dataset,not available in demo dataset,not available in demo dataset,1,1,1,1,1,,(not set),google,organic,(not provided),not available in demo dataset,,,,,,,,,
36,Organic Search,20160902,8385778325939846892,8385778325939846892_1472836625,Not Socially Engaged,1472836625,1,1472836625,Chrome,not available in demo dataset,not available in demo dataset,Android,not available in demo dataset,True,not available in demo dataset,not available in demo dataset,not available in demo dataset,not available in demo dataset,not available in demo dataset,not available in demo dataset,not available in demo dataset,not available in demo dataset,not available in demo dataset,mobile,Africa,Western Africa,Nigeria,not available in demo dataset,not available in demo dataset,not available in demo dataset,not available in demo dataset,(not set),not available in demo dataset,not available in demo dataset,not available in demo dataset,1,1,1,1,1,,(not set),google,organic,www google store,not available in demo dataset,,,,,,,,,
37,Organic Search,20160902,062441254657008214,062441254657008214_1472875520,Not Socially Engaged,1472875520,1,1472875520,Chrome,not available in demo dataset,not available in demo dataset,Windows,not available in demo dataset,False,not available in demo dataset,not available in demo dataset,not available in demo dataset,not available in demo dataset,not available in demo dataset,not available in demo dataset,not available in demo dataset,not available in demo dataset,not available in demo dataset,desktop,Oceania,Australasia,Australia,not available in demo dataset,not available in demo dataset,not available in demo dataset,not available in demo dataset,uwa.edu.au,not available in demo dataset,not available in demo dataset,not available in demo dataset,1,1,1,1,1,,(not set),google,organic,(not provided),not available in demo dataset,,,,,,,,,
38,Organic Search,20160902,0676298261706930871,0676298261706930871_1472815056,Not Socially Engaged,1472815056,1,1472815056,Chrome,not available in demo dataset,not available in demo dataset,Windows,not available in demo dataset,False,not available in demo dataset,not available in demo dataset,not available in demo dataset,not available in demo dataset,not available in demo dataset,not available in demo dataset,not available in demo dataset,not available in demo dataset,not available in demo dataset,desktop,Europe,Western Europe,Netherlands,not available in demo dataset,not available in demo dataset,not available in demo dataset,not available in demo dataset,uvt.nl,not available in demo dataset,not available in demo dataset,not available in demo dataset,1,1,1,1,1,,(not set),google,organic,(not provided),not available in demo dataset,,,,,,,,,
39,Organic Search,20160902,542217492398994444,542217492398994444_1472822034,Not Socially Engaged,1472822034,1,1472822034,Chrome,not available in demo dataset,not available in demo dataset,Macintosh,not available in demo dataset,False,not available in demo dataset,not available in demo dataset,not available in demo dataset,not available in demo dataset,not available in demo dataset,not available in demo dataset,not available in demo dataset,not available in demo dataset,not available in demo dataset,desktop,Europe,Western Europe,Belgium,not available in demo dataset,not available in demo dataset,not available in demo dataset,not available in demo dataset,mobistar.be,not available in demo dataset,not available in demo dataset,not available in demo dataset,1,1,1,1,1,,(not set),google,organic,(not provided),not available in demo dataset,,,,,,,,,
40,Organic Search,20160902,4588864985272968779,4588864985272968779_1472837280,Not Socially Engaged,1472837280,1,1472837280,Chrome,not available in demo dataset,not available in demo dataset,Android,not available in demo dataset,True,not available in demo dataset,not available in demo dataset,not available in demo dataset,not available in demo dataset,not available in demo dataset,not available in demo dataset,not available in demo dataset,not available in demo dataset,not available in demo dataset,mobile,Europe,Southern Europe,Italy,not available in demo dataset,not available in demo dataset,not available in demo dataset,not available in demo dataset,fastwebnet.it,not available in demo dataset,not available in demo dataset,not available in demo dataset,1,1,1,1,1,,(not set),google,organic,(not provided),not available in demo dataset,,,,,,,,,
41,Organic Search,20160902,1397786681184924394,1397786681184924394_1472822131,Not Socially Engaged,1472822131,1,1472822131,Chrome,not available in demo dataset,not available in demo dataset,Android,not available in demo dataset,True,not available in demo dataset,not available in demo dataset,not available in demo dataset,not available in demo dataset,not available in demo dataset,not available in demo dataset,not available in demo dataset,not available in demo dataset,not available in demo dataset,mobile,Europe,Northern Europe,Denmark,not available in demo dataset,not available in demo dataset,not available in demo dataset,not available in demo dataset,3.dk,not available in demo dataset,not available in demo dataset,not available in demo dataset,1,1,1,1,1,,(not set),google,organic,(not provided),not available in demo dataset,,,,,,,,,
42,Organic Search,20160902,7313420217316092690,7313420217316092690_1472810160,Not Socially Engaged,1472810160,1,1472810160,Firefox,not available in demo dataset,not available in demo dataset,Windows,not available in demo dataset,False,not available in demo dataset,not available in demo dataset,not available in demo dataset,not available in demo dataset,not available in demo dataset,not available in demo dataset,not available in demo dataset,not available in demo dataset,not available in demo dataset,desktop,Asia,Southern Asia,India,West Bengal,(not set),Kolkata,not available in demo dataset,alliancebroadband.in,not available in demo dataset,not available in demo dataset,not available in demo dataset,1,1,1,1,1,,(not set),google,organic,(not provided),not available in demo dataset,,,,,,,,,
43,Organic Search,20160902,1381975521299261523,1381975521299261523_1472829727,Not Socially Engaged,1472829727,1,1472829727,Chrome,not available in demo dataset,not available in demo dataset,Macintosh,not available in demo dataset,False,not available in demo dataset,not available in demo dataset,not available in demo dataset,not available in demo dataset,not available in demo dataset,not available in demo dataset,not available in demo dataset,not available in demo dataset,not available in demo dataset,desktop,Asia,Eastern Asia,South Korea,Seoul,(not set),Seoul,not available in demo dataset,unknown.unknown,not available in demo dataset,not available in demo dataset,not available in demo dataset,1,1,1,1,1,,(not set),google,organic,(not provided),not available in demo dataset,,,,,,,,,
44,Organic Search,20160902,0715569826025005549,0715569826025005549_1472864193,Not Socially Engaged,1472864193,1,1472864193,Chrome,not available in demo dataset,not available in demo dataset,Windows,not available in demo dataset,False,not available in demo dataset,not available in demo dataset,not available in demo dataset,not available in demo dataset,not available in demo dataset,not available in demo dataset,not available in demo dataset,not available in demo dataset,not available in demo dataset,desktop,Americas,South America,Chile,Santiago Metropolitan Region,(not set),Santiago,not available in demo dataset,movistar.cl,not available in demo dataset,not available in demo dataset,not available in demo dataset,1,1,1,1,1,,(not set),google,organic,(not provided),not available in demo dataset,,,,,,,,,
45,Organic Search,20160902,0239575343807682372,0239575343807682372_1472813640,Not Socially Engaged,1472813640,3,1472813640,Chrome,not available in demo dataset,not available in demo dataset,Windows,not available in demo dataset,False,not available in demo dataset,not available in demo dataset,not available in demo dataset,not available in demo dataset,not available in demo dataset,not available in demo dataset,not available in demo dataset,not available in demo dataset,not available in demo dataset,desktop,Europe,Northern Europe,Ireland,not available in demo dataset,not available in demo dataset,not available in demo dataset,not available in demo dataset,(not set),not available in demo dataset,not available in demo dataset,not available in demo dataset,1,1,1,1,,,(not set),google,organic,(not provided),not available in demo dataset,True,,,,,,,,
46,Organic Search,20160902,7356002680834488802,7356002680834488802_1472810526,Not Socially Engaged,1472810526,2,1472810526,Chrome,not available in demo dataset,not available in demo dataset,Android,not available in demo dataset,True,not available in demo dataset,not available in demo dataset,not available in demo dataset,not available in demo dataset,not available in demo dataset,not available in demo dataset,not available in demo dataset,not available in demo dataset,not available in demo dataset,mobile,Europe,Western Europe,France,Ile-de-France,(not set),Paris,not available in demo dataset,unknown.unknown,not available in demo dataset,not available in demo dataset,not available in demo dataset,1,1,1,1,,,(not set),google,organic,(not provided),not available in demo dataset,True,,,,,,,,
47,Organic Search,20160902,3523749053085989464,3523749053085989464_1472825389,Not Socially Engaged,1472825389,1,1472825389,Chrome,not available in demo dataset,not available in demo dataset,Windows,not available in demo dataset,False,not available in demo dataset,not available in demo dataset,not available in demo dataset,not available in demo dataset,not available in demo dataset,not available in demo dataset,not available in demo dataset,not available in demo dataset,not available in demo dataset,desktop,Europe,Eastern Europe,Poland,Masovian Voivodeship,(not set),Warsaw,not available in demo dataset,play-internet.pl,not available in demo dataset,not available in demo dataset,not available in demo dataset,1,1,1,1,1,,(not set),google,organic,(not provided),not available in demo dataset,,,,,,,,,
48,Organic Search,20160902,7129757424194155569,7129757424194155569_1472831305,Not Socially Engaged,1472831305,1,1472831305,Chrome,not available in demo dataset,not available in demo dataset,Windows,not available in demo dataset,False,not available in demo dataset,not available in demo dataset,not available in demo dataset,not available in demo dataset,not available in demo dataset,not available in demo dataset,not available in demo dataset,not available in demo dataset,not available in demo dataset,desktop,Europe,Western Europe,France,not available in demo dataset,not available in demo dataset,not available in demo dataset,not available in demo dataset,fullsave.info,not available in demo dataset,not available in demo dataset,not available in demo dataset,1,1,1,1,1,,(not set),google,organic,(not provided),not available in demo dataset,,,,,,,,,
49,Organic Search,20160902,6402807329175802472,6402807329175802472_1472861469,Not Socially Engaged,1472861469,1,1472861469,Chrome,not available in demo dataset,not available in demo dataset,Windows,not available in demo dataset,False,not available in demo dataset,not available in demo dataset,not available in demo dataset,not available in demo dataset,not available in demo dataset,not available in demo dataset,not available in demo dataset,not available in demo dataset,not available in demo dataset,desktop,Asia,Southeast Asia,Philippines,not available in demo dataset,not available in demo dataset,not available in demo dataset,not available in demo dataset,(not set),not available in demo dataset,not available in demo dataset,not available in demo dataset,1,1,1,1,1,,(not set),google,organic,(not provided),not available in demo dataset,,,,,,,,,
50,Organic Search,20160902,5280028223552107612,5280028223552107612_1472820135,Not Socially Engaged,1472820135,1,1472820135,Chrome,not available in demo dataset,not available in demo dataset,Windows,not available in demo dataset,False,not available in demo dataset,not available in demo dataset,not available in demo dataset,not available in demo dataset,not available in demo dataset,not available in demo dataset,not available in demo dataset,not available in demo dataset,not available in demo dataset,desktop,Europe,Northern Europe,Ireland,Dublin City,(not set),Dublin,not available in demo dataset,(not set),not available in demo dataset,not available in demo dataset,not available in demo dataset,1,1,1,1,1,,(not set),google,organic,(not provided),not available in demo dataset,,,,,,,,,
51,Organic Search,20160902,7122922175573320460,7122922175573320460_1472822219,Not Socially Engaged,1472822219,1,1472822219,Chrome,not available in demo dataset,not available in demo dataset,Macintosh,not available in demo dataset,False,not available in demo dataset,not available in demo dataset,not available in demo dataset,not available in demo dataset,not available in demo dataset,not available in demo dataset,not available in demo dataset,not available in demo dataset,not available in demo dataset,desktop,Europe,Western Europe,Belgium,not available in demo dataset,not available in demo dataset,not available in demo dataset,not available in demo dataset,mobistar.be,not available in demo dataset,not available in demo dataset,not available in demo dataset,1,1,1,1,1,,(not set),google,organic,(not provided),not available in demo dataset,,,,,,,,,
52,Organic Search,20160902,4293186657068577544,4293186657068577544_1472810795,Not Socially Engaged,1472810795,1,1472810795,Chrome,not available in demo dataset,not available in demo dataset,Windows,not available in demo dataset,False,not available in demo dataset,not available in demo dataset,not available in demo dataset,not available in demo dataset,not available in demo dataset,not available in demo dataset,not available in demo dataset,not available in demo dataset,not available in demo dataset,desktop,Europe,Southern Europe,Greece,not available in demo dataset,not available in demo dataset,not available in demo dataset,not available in demo dataset,hol.gr,not available in demo dataset,not available in demo dataset,not available in demo dataset,1,1,1,1,1,,(not set),google,organic,(not provided),not available in demo dataset,,,,,,,,,
53,Organic Search,20160902,8720204952657722494,8720204952657722494_1472832336,Not Socially Engaged,1472832336,1,1472832336,Chrome,not available in demo dataset,not available in demo dataset,Windows,not available in demo dataset,False,not available in demo dataset,not available in demo dataset,not available in demo dataset,not available in demo dataset,not available in demo dataset,not available in demo dataset,not available in demo dataset,not available in demo dataset,not available in demo dataset,desktop,Americas,Central America,Mexico,Mexico City,(not set),Mexico City,not available in demo dataset,prod-dial.com.mx,not available in demo dataset,not available in demo dataset,not available in demo dataset,1,1,1,1,1,,(not set),google,organic,(not provided),not available in demo dataset,,,,,,,,,
54,Organic Search,20160902,235246314908319034,235246314908319034_1472833608,Not Socially Engaged,1472833608,1,1472833608,Chrome,not available in demo dataset,not available in demo dataset,Windows,not available in demo dataset,False,not available in demo dataset,not available in demo dataset,not available in demo dataset,not available in demo dataset,not available in demo dataset,not available in demo dataset,not available in demo dataset,not available in demo dataset,not available in demo dataset,desktop,Europe,Eastern Europe,Poland,not available in demo dataset,not available in demo dataset,not available in demo dataset,not available in demo dataset,mm.pl,not available in demo dataset,not available in demo dataset,not available in demo dataset,1,1,1,1,1,,(not set),google,organic,(not provided),not available in demo dataset,,,,,,,,,
55,Organic Search,20160902,0808960480137718074,0808960480137718074_1472804813,Not Socially Engaged,1472804813,1,1472804813,Chrome,not available in demo dataset,not available in demo dataset,Macintosh,not available in demo dataset,False,not available in demo dataset,not available in demo dataset,not available in demo dataset,not available in demo dataset,not available in demo dataset,not available in demo dataset,not available in demo dataset,not available in demo dataset,not available in demo dataset,desktop,Europe,Western Europe,Netherlands,North Holland,(not set),Amsterdam,not available in demo dataset,(not set),not available in demo dataset,not available in demo dataset,not available in demo dataset,1,1,1,1,1,,(not set),google,organic,(not provided),not available in demo dataset,,,,,,,,,
56,Referral,20160902,9272032681239045735,9272032681239045735_1472829309,Not Socially Engaged,1472829309,1,1472829309,Chrome,not available in demo dataset,not available in demo dataset,Android,not available in demo dataset,True,not available in demo dataset,not available in demo dataset,not available in demo dataset,not available in demo dataset,not available in demo dataset,not available in demo dataset,not available in demo dataset,not available in demo dataset,not available in demo dataset,mobile,Asia,Southern Asia,India,not available in demo dataset,not available in demo dataset,not available in demo dataset,not available in demo dataset,unknown.unknown,not available in demo dataset,not available in demo dataset,not available in demo dataset,1,1,1,1,1,,(not set),googleweblight.com,referral,,not available in demo dataset,,/,,,,,,,
57,Organic Search,20160902,5615102494193906257,5615102494193906257_1472803619,Not Socially Engaged,1472803619,1,1472803619,Chrome,not available in demo dataset,not available in demo dataset,Windows,not available in demo dataset,False,not available in demo dataset,not available in demo dataset,not available in demo dataset,not available in demo dataset,not available in demo dataset,not available in demo dataset,not available in demo dataset,not available in demo dataset,not available in demo dataset,desktop,Europe,Southern Europe,Montenegro,not available in demo dataset,not available in demo dataset,not available in demo dataset,not available in demo dataset,unknown.unknown,not available in demo dataset,not available in demo dataset,not available in demo dataset,1,1,1,1,1,,(not set),google,organic,(not provided),not available in demo dataset,,,,,,,,,
58,Organic Search,20160902,2569227522176957724,2569227522176957724_1472816790,Not Socially Engaged,1472816790,1,1472816790,Safari,not available in demo dataset,not available in demo dataset,Macintosh,not available in demo dataset,False,not available in demo dataset,not available in demo dataset,not available in demo dataset,not available in demo dataset,not available in demo dataset,not available in demo dataset,not available in demo dataset,not available in demo dataset,not available in demo dataset,desktop,Oceania,Australasia,Australia,not available in demo dataset,not available in demo dataset,not available in demo dataset,not available in demo dataset,unknown.unknown,not available in demo dataset,not available in demo dataset,not available in demo dataset,1,1,1,1,1,,(not set),google,organic,(not provided),not available in demo dataset,,,,,,,,,
59,Organic Search,20160902,3553995514371396919,3553995514371396919_1472830142,Not Socially Engaged,1472830142,1,1472830142,Chrome,not available in demo dataset,not available in demo dataset,Macintosh,not available in demo dataset,False,not available in demo dataset,not available in demo dataset,not available in demo dataset,not available in demo dataset,not available in demo dataset,not available in demo dataset,not available in demo dataset,not available in demo dataset,not available in demo dataset,desktop,Asia,Southeast Asia,Singapore,(not set),(not set),(not set),not available in demo dataset,unknown.unknown,not available in demo dataset,not available in demo dataset,not available in demo dataset,1,1,1,1,1,,(not set),google,organic,(not provided),not available in demo dataset,,,,,,,,,
60,Organic Search,20160902,1497348426098867699,1497348426098867699_1472808806,Not Socially Engaged,1472808806,1,1472808806,Chrome,not available in demo dataset,not available in demo dataset,Macintosh,not available in demo dataset,False,not available in demo dataset,not available in demo dataset,not available in demo dataset,not available in demo dataset,not available in demo dataset,not available in demo dataset,not available in demo dataset,not available in demo dataset,not available in demo dataset,desktop,Europe,Western Europe,Netherlands,not available in demo dataset,not available in demo dataset,not available in demo dataset,not available in demo dataset,rapide.nl,not available in demo dataset,not available in demo dataset,not available in demo dataset,1,1,1,1,1,,(not set),google,organic,(not provided),not available in demo dataset,,,,,,,,,
61,Organic Search,20160902,3885862781917879122,3885862781917879122_1472855541,Not Socially Engaged,1472855541,1,1472855541,Chrome,not available in demo dataset,not available in demo dataset,Android,not available in demo dataset,True,not available in demo dataset,not available in demo dataset,not available in demo dataset,not available in demo dataset,not available in demo dataset,not available in demo dataset,not available in demo dataset,not available in demo dataset,not available in demo dataset,mobile,Americas,South America,Chile,Santiago Metropolitan Region,(not set),Santiago,not available in demo dataset,movistar.cl,not available in demo dataset,not available in demo dataset,not available in demo dataset,1,1,1,1,1,,(not set),google,organic,(not provided),not available in demo dataset,,,,,,,,,
62,Organic Search,20160902,0969189276888689545,0969189276888689545_1472861293,Not Socially Engaged,1472861293,1,1472861293,Chrome,not available in demo dataset,not available in demo dataset,Macintosh,not available in demo dataset,False,not available in demo dataset,not available in demo dataset,not available in demo dataset,not available in demo dataset,not available in demo dataset,not available in demo dataset,not available in demo dataset,not available in demo dataset,not available in demo dataset,desktop,Americas,South America,Brazil,not available in demo dataset,not available in demo dataset,not available in demo dataset,not available in demo dataset,(not set),not available in demo dataset,not available in demo dataset,not available in demo dataset,1,1,1,1,1,,(not set),google,organic,(not provided),not available in demo dataset,,,,,,,,,
63,Organic Search,20160902,0854783508496317255,0854783508496317255_1472823316,Not Socially Engaged,1472823316,5,1472823316,Chrome,not available in demo dataset,not available in demo dataset,Android,not available in demo dataset,True,not available in demo dataset,not available in demo dataset,not available in demo dataset,not available in demo dataset,not available in demo dataset,not available in demo dataset,not available in demo dataset,not available in demo dataset,not available in demo dataset,tablet,Europe,Northern Europe,United Kingdom,not available in demo dataset,not available in demo dataset,not available in demo dataset,not available in demo dataset,btcentralplus.com,not available in demo dataset,not available in demo dataset,not available in demo dataset,1,1,1,1,,,(not set),google,organic,(not provided),not available in demo dataset,True,,,,,,,,
64,Organic Search,20160902,6587157234095657682,6587157234095657682_1472820778,Not Socially Engaged,1472820778,1,1472820778,Chrome,not available in demo dataset,not available in demo dataset,Chrome OS,not available in demo dataset,False,not available in demo dataset,not available in demo dataset,not available in demo dataset,not available in demo dataset,not available in demo dataset,not available in demo dataset,not available in demo dataset,not available in demo dataset,not available in demo dataset,desktop,Europe,Northern Europe,Ireland,Dublin City,(not set),Dublin,not available in demo dataset,(not set),not available in demo dataset,not available in demo dataset,not available in demo dataset,1,1,1,1,1,,(not set),google,organic,(not provided),not available in demo dataset,,,,,,,,,
65,Organic Search,20160902,5234764527759838826,5234764527759838826_1472821256,Not Socially Engaged,1472821256,1,1472821256,Chrome,not available in demo dataset,not available in demo dataset,Macintosh,not available in demo dataset,False,not available in demo dataset,not available in demo dataset,not available in demo dataset,not available in demo dataset,not available in demo dataset,not available in demo dataset,not available in demo dataset,not available in demo dataset,not available in demo dataset,desktop,Europe,Southern Europe,Spain,Catalonia,(not set),Barcelona,not available in demo dataset,rima-tde.net,not available in demo dataset,not available in demo dataset,not available in demo dataset,1,1,1,1,1,,(not set),google,organic,(not provided),not available in demo dataset,,,,,,,,,
66,Organic Search,20160902,5330453591145100432,5330453591145100432_1472839619,Not Socially Engaged,1472839619,1,1472839619,Chrome,not available in demo dataset,not available in demo dataset,Windows,not available in demo dataset,False,not available in demo dataset,not available in demo dataset,not available in demo dataset,not available in demo dataset,not available in demo dataset,not available in demo dataset,not available in demo dataset,not available in demo dataset,not available in demo dataset,desktop,Americas,South America,Brazil,State of Sao Paulo,(not set),Sao Paulo,not available in demo dataset,teleperformance.com.br,not available in demo dataset,not available in demo dataset,not available in demo dataset,1,1,1,1,1,,(not set),google,organic,(not provided),not available in demo dataset,,,,,,,,,
67,Referral,20160902,3746051970600816343,3746051970600816343_1472843059,Not Socially Engaged,1472843059,2,1472843059,Chrome,not available in demo dataset,not available in demo dataset,Linux,not available in demo dataset,False,not available in demo dataset,not available in demo dataset,not available in demo dataset,not available in demo dataset,not available in demo dataset,not available in demo dataset,not available in demo dataset,not available in demo dataset,not available in demo dataset,desktop,Americas,Northern America,United States,California,San Francisco-Oakland-San Jose CA,Mountain View,not available in demo dataset,(not set),not available in demo dataset,not available in demo dataset,not available in demo dataset,1,1,1,1,,,(not set),sites.google.com,referral,,not available in demo dataset,,/corp/google.com/study/incentives/working-with-perks,,,,,,,
68,Organic Search,20160902,9675839814855309060,9675839814855309060_1472811887,Not Socially Engaged,1472811887,1,1472811887,Chrome,not available in demo dataset,not available in demo dataset,Windows,not available in demo dataset,False,not available in demo dataset,not available in demo dataset,not available in demo dataset,not available in demo dataset,not available in demo dataset,not available in demo dataset,not available in demo dataset,not available in demo dataset,not available in demo dataset,desktop,Asia,Western Asia,Turkey,Istanbul,(not set),Istanbul,not available in demo dataset,dr.com.tr,not available in demo dataset,not available in demo dataset,not available in demo dataset,1,1,1,1,1,,(not set),google,organic,(not provided),not available in demo dataset,,,,,,,,,
69,Organic Search,20160902,8720204952657722494,8720204952657722494_1472836503,Not Socially Engaged,1472836503,2,1472836503,Chrome,not available in demo dataset,not available in demo dataset,Windows,not available in demo dataset,False,not available in demo dataset,not available in demo dataset,not available in demo dataset,not available in demo dataset,not available in demo dataset,not available in demo dataset,not available in demo dataset,not available in demo dataset,not available in demo dataset,desktop,Americas,Central America,Mexico,Mexico City,(not set),Mexico City,not available in demo dataset,prod-dial.com.mx,not available in demo dataset,not available in demo dataset,not available in demo dataset,1,1,1,1,,,(not set),google,organic,(not provided),not available in demo dataset,True,,,,,,,,
70,Organic Search,20160902,3956355672499179103,3956355672499179103_1472839218,Not Socially Engaged,1472839218,1,1472839218,Chrome,not available in demo dataset,not available in demo dataset,Windows,not available in demo dataset,False,not available in demo dataset,not available in demo dataset,not available in demo dataset,not available in demo dataset,not available in demo dataset,not available in demo dataset,not available in demo dataset,not available in demo dataset,not available in demo dataset,desktop,Asia,Southern Asia,Bangladesh,(not set),(not set),(not set),not available in demo dataset,unknown.unknown,not available in demo dataset,not available in demo dataset,not available in demo dataset,1,1,1,1,1,,(not set),google,organic,(not provided),not available in demo dataset,,,,,,,,,
71,Organic Search,20160902,8590648239310839049,8590648239310839049_1472835928,Not Socially Engaged,1472835928,1,1472835928,Chrome,not available in demo dataset,not available in demo dataset,Macintosh,not available in demo dataset,False,not available in demo dataset,not available in demo dataset,not available in demo dataset,not available in demo dataset,not available in demo dataset,not available in demo dataset,not available in demo dataset,not available in demo dataset,not available in demo dataset,desktop,Europe,Eastern Europe,Poland,not available in demo dataset,not available in demo dataset,not available in demo dataset,not available in demo dataset,tpnet.pl,not available in demo dataset,not available in demo dataset,not available in demo dataset,1,1,1,1,1,,(not set),google,organic,(not provided),not available in demo dataset,,,,,,,,,
72,Organic Search,20160902,7735021031835577006,7735021031835577006_1472837671,Not Socially Engaged,1472837671,1,1472837671,Safari,not available in demo dataset,not available in demo dataset,Macintosh,not available in demo dataset,False,not available in demo dataset,not available in demo dataset,not available in demo dataset,not available in demo dataset,not available in demo dataset,not available in demo dataset,not available in demo dataset,not available in demo dataset,not available in demo dataset,desktop,Asia,Eastern Asia,Japan,not available in demo dataset,not available in demo dataset,not available in demo dataset,not available in demo dataset,bai.ne.jp,not available in demo dataset,not available in demo dataset,not available in demo dataset,1,1,1,1,1,,(not set),google,organic,(not provided),not available in demo dataset,,,,,,,,,
73,Organic Search,20160902,5197905305079643489,5197905305079643489_1472850504,Not Socially Engaged,1472850504,1,1472850504,Chrome,not available in demo dataset,not available in demo dataset,Macintosh,not available in demo dataset,False,not available in demo dataset,not available in demo dataset,not available in demo dataset,not available in demo dataset,not available in demo dataset,not available in demo dataset,not available in demo dataset,not available in demo dataset,not available in demo dataset,desktop,Americas,South America,Argentina,Buenos Aires,(not set),Buenos Aires,not available in demo dataset,telecom.net.ar,not available in demo dataset,not available in demo dataset,not available in demo dataset,1,1,1,1,1,,(not set),google,organic,(not provided),not available in demo dataset,,,,,,,,,
74,Organic Search,20160902,5637149591671308745,5637149591671308745_1472819775,Not Socially Engaged,1472819775,1,1472819775,Chrome,not available in demo dataset,not available in demo dataset,Windows,not available in demo dataset,False,not available in demo dataset,not available in demo dataset,not available in demo dataset,not available in demo dataset,not available in demo dataset,not available in demo dataset,not available in demo dataset,not available in demo dataset,not available in demo dataset,desktop,Europe,Eastern Europe,Poland,Masovian Voivodeship,(not set),Warsaw,not available in demo dataset,aster.pl,not available in demo dataset,not available in demo dataset,not available in demo dataset,1,1,1,1,1,,(not set),google,organic,(not provided),not available in demo dataset,,,,,,,,,
75,Organic Search,20160902,4784948822886026516,4784948822886026516_1472800691,Not Socially Engaged,1472800691,1,1472800691,Firefox,not available in demo dataset,not available in demo dataset,Windows,not available in demo dataset,False,not available in demo dataset,not available in demo dataset,not available in demo dataset,not available in demo dataset,not available in demo dataset,not available in demo dataset,not available in demo dataset,not available in demo dataset,not available in demo dataset,desktop,Asia,Eastern Asia,China,not available in demo dataset,not available in demo dataset,not available in demo dataset,not available in demo dataset,unknown.unknown,not available in demo dataset,not available in demo dataset,not available in demo dataset,1,1,1,1,1,,(not set),baidu,organic,,not available in demo dataset,,,,,,,,,
76,Organic Search,20160902,3324840357601046354,3324840357601046354_1472853182,Not Socially Engaged,1472853182,1,1472853182,Chrome,not available in demo dataset,not available in demo dataset,Windows,not available in demo dataset,False,not available in demo dataset,not available in demo dataset,not available in demo dataset,not available in demo dataset,not available in demo dataset,not available in demo dataset,not available in demo dataset,not available in demo dataset,not available in demo dataset,desktop,Europe,Southern Europe,Slovenia,not available in demo dataset,not available in demo dataset,not available in demo dataset,not available in demo dataset,amis.net,not available in demo dataset,not available in demo dataset,not available in demo dataset,1,1,1,1,1,,(not set),google,organic,(not provided),not available in demo dataset,,,,,,,,,
77,Organic Search,20160902,2363964332791555295,2363964332791555295_1472851086,Not Socially Engaged,1472851086,1,1472851086,Chrome,not available in demo dataset,not available in demo dataset,Windows,not available in demo dataset,False,not available in demo dataset,not available in demo dataset,not available in demo dataset,not available in demo dataset,not available in demo dataset,not available in demo dataset,not available in demo dataset,not available in demo dataset,not available in demo dataset,desktop,Europe,Western Europe,Germany,(not set),(not set),(not set),not available in demo dataset,zenmate.com,not available in demo dataset,not available in demo dataset,not available in demo dataset,1,1,1,1,1,,(not set),google,organic,(not provided),not available in demo dataset,,,,,,,,,
78,Organic Search,20160902,9870305678537397476,9870305678537397476_1472814953,Not Socially Engaged,1472814953,1,1472814953,Chrome,not available in demo dataset,not available in demo dataset,Windows,not available in demo dataset,False,not available in demo dataset,not available in demo dataset,not available in demo dataset,not available in demo dataset,not available in demo dataset,not available in demo dataset,not available in demo dataset,not available in demo dataset,not available in demo dataset,desktop,Europe,Western Europe,Belgium,not available in demo dataset,not available in demo dataset,not available in demo dataset,not available in demo dataset,rmg.be,not available in demo dataset,not available in demo dataset,not available in demo dataset,1,1,1,1,1,,(not set),google,organic,(not provided),not available in demo dataset,,,,,,,,,
79,Organic Search,20160902,3564173921385215647,3564173921385215647_1472826721,Not Socially Engaged,1472826721,1,1472826721,Chrome,not available in demo dataset,not available in demo dataset,Android,not available in demo dataset,True,not available in demo dataset,not available in demo dataset,not available in demo dataset,not available in demo dataset,not available in demo dataset,not available in demo dataset,not available in demo dataset,not available in demo dataset,not available in demo dataset,mobile,Europe,Southern Europe,Spain,Community of Madrid,(not set),Madrid,not available in demo dataset,unknown.unknown,not available in demo dataset,not available in demo dataset,not available in demo dataset,1,1,1,1,1,,(not set),google,organic,(not provided),not available in demo dataset,,,,,,,,,
80,Organic Search,20160902,5223324341104792776,5223324341104792776_1472820730,Not Socially Engaged,1472820730,1,1472820730,Chrome,not available in demo dataset,not available in demo dataset,Android,not available in demo dataset,True,not available in demo dataset,not available in demo dataset,not available in demo dataset,not available in demo dataset,not available in demo dataset,not available in demo dataset,not available in demo dataset,not available in demo dataset,not available in demo dataset,mobile,Europe,Northern Europe,United Kingdom,not available in demo dataset,not available in demo dataset,not available in demo dataset,not available in demo dataset,dmu.ac.uk,not available in demo dataset,not available in demo dataset,not available in demo dataset,1,1,1,1,1,,(not set),baidu,organic,,not available in demo dataset,,,,,,,,,
81,Organic Search,20160902,4003194750334465284,4003194750334465284_1472807627,Not Socially Engaged,1472807627,1,1472807627,Chrome,not available in demo dataset,not available in demo dataset,Macintosh,not available in demo dataset,False,not available in demo dataset,not available in demo dataset,not available in demo dataset,not available in demo dataset,not available in demo dataset,not available in demo dataset,not available in demo dataset,not available in demo dataset,not available in demo dataset,desktop,Europe,Eastern Europe,Czechia,not available in demo dataset,not available in demo dataset,not available in demo dataset,not available in demo dataset,upcbroadband.cz,not available in demo dataset,not available in demo dataset,not available in demo dataset,1,1,1,1,1,,(not set),google,organic,(not provided),not available in demo dataset,,,,,,,,,
82,Organic Search,20160902,6668468390636770073,6668468390636770073_1472823537,Not Socially Engaged,1472823537,1,1472823537,Chrome,not available in demo dataset,not available in demo dataset,Windows,not available in demo dataset,False,not available in demo dataset,not available in demo dataset,not available in demo dataset,not available in demo dataset,not available in demo dataset,not available in demo dataset,not available in demo dataset,not available in demo dataset,not available in demo dataset,desktop,Asia,Southeast Asia,Philippines,not available in demo dataset,not available in demo dataset,not available in demo dataset,not available in demo dataset,pldt.net,not available in demo dataset,not available in demo dataset,not available in demo dataset,1,1,1,1,1,,(not set),google,organic,(not provided),not available in demo dataset,,,,,,,,,
83,Organic Search,20160902,4148869866560030825,4148869866560030825_1472847251,Not Socially Engaged,1472847251,1,1472847251,Safari,not available in demo dataset,not available in demo dataset,Macintosh,not available in demo dataset,False,not available in demo dataset,not available in demo dataset,not available in demo dataset,not available in demo dataset,not available in demo dataset,not available in demo dataset,not available in demo dataset,not available in demo dataset,not available in demo dataset,desktop,Europe,Western Europe,France,not available in demo dataset,not available in demo dataset,not available in demo dataset,not available in demo dataset,(not set),not available in demo dataset,not available in demo dataset,not available in demo dataset,1,1,1,1,1,,(not set),google,organic,(not provided),not available in demo dataset,,,,,,,,,
84,Organic Search,20160902,4876450605505555762,4876450605505555762_1472805946,Not Socially Engaged,1472805946,1,1472805946,Internet Explorer,not available in demo dataset,not available in demo dataset,Windows,not available in demo dataset,False,not available in demo dataset,not available in demo dataset,not available in demo dataset,not available in demo dataset,not available in demo dataset,not available in demo dataset,not available in demo dataset,not available in demo dataset,not available in demo dataset,desktop,Europe,Western Europe,Germany,not available in demo dataset,not available in demo dataset,not available in demo dataset,not available in demo dataset,t-systems-mms.eu,not available in demo dataset,not available in demo dataset,not available in demo dataset,1,1,1,1,1,,(not set),google,organic,(not provided),not available in demo dataset,,,,,,,,,
85,Organic Search,20160902,1754209820046771603,1754209820046771603_1472830062,Not Socially Engaged,1472830062,1,1472830062,Chrome,not available in demo dataset,not available in demo dataset,Macintosh,not available in demo dataset,False,not available in demo dataset,not available in demo dataset,not available in demo dataset,not available in demo dataset,not available in demo dataset,not available in demo dataset,not available in demo dataset,not available in demo dataset,not available in demo dataset,desktop,Asia,Eastern Asia,China,not available in demo dataset,not available in demo dataset,not available in demo dataset,not available in demo dataset,ztomy.com,not available in demo dataset,not available in demo dataset,not available in demo dataset,1,1,1,1,1,,(not set),google,organic,(not provided),not available in demo dataset,,,,,,,,,
86,Organic Search,20160902,3188126640915540925,3188126640915540925_1472841493,Not Socially Engaged,1472841493,1,1472841493,Chrome,not available in demo dataset,not available in demo dataset,Windows,not available in demo dataset,False,not available in demo dataset,not available in demo dataset,not available in demo dataset,not available in demo dataset,not available in demo dataset,not available in demo dataset,not available in demo dataset,not available in demo dataset,not available in demo dataset,desktop,Europe,Northern Europe,Sweden,not available in demo dataset,not available in demo dataset,not available in demo dataset,not available in demo dataset,telenor.se,not available in demo dataset,not available in demo dataset,not available in demo dataset,1,1,1,1,1,,(not set),google,organic,(not provided),not available in demo dataset,,,,,,,,,
87,Organic Search,20160902,4555387715496410320,4555387715496410320_1472804818,Not Socially Engaged,1472804818,2,1472804818,Chrome,not available in demo dataset,not available in demo dataset,Windows,not available in demo dataset,False,not available in demo dataset,not available in demo dataset,not available in demo dataset,not available in demo dataset,not available in demo dataset,not available in demo dataset,not available in demo dataset,not available in demo dataset,not available in demo dataset,desktop,Europe,Western Europe,Netherlands,not available in demo dataset,not available in demo dataset,not available in demo dataset,not available in demo dataset,(not set),not available in demo dataset,not available in demo dataset,not available in demo dataset,1,1,1,1,,,(not set),google,organic,(not provided),not available in demo dataset,True,,,,,,,,
88,Organic Search,20160902,6502220454426138685,6502220454426138685_1472802450,Not Socially Engaged,1472802450,1,1472802450,Chrome,not available in demo dataset,not available in demo dataset,Macintosh,not available in demo dataset,False,not available in demo dataset,not available in demo dataset,not available in demo dataset,not available in demo dataset,not available in demo dataset,not available in demo dataset,not available in demo dataset,not available in demo dataset,not available in demo dataset,desktop,Asia,Eastern Asia,Japan,not available in demo dataset,not available in demo dataset,not available in demo dataset,not available in demo dataset,yahoo.co.jp,not available in demo dataset,not available in demo dataset,not available in demo dataset,1,1,1,1,1,,(not set),google,organic,(not provided),not available in demo dataset,,,,,,,,,
89,Organic Search,20160902,9271059985757878297,9271059985757878297_1472838507,Not Socially Engaged,1472838507,1,1472838507,Edge,not available in demo dataset,not available in demo dataset,Windows,not available in demo dataset,False,not available in demo dataset,not available in demo dataset,not available in demo dataset,not available in demo dataset,not available in demo dataset,not available in demo dataset,not available in demo dataset,not available in demo dataset,not available in demo dataset,desktop,Europe,Eastern Europe,Russia,not available in demo dataset,not available in demo dataset,not available in demo dataset,not available in demo dataset,lebgok.ru,not available in demo dataset,not available in demo dataset,not available in demo dataset,1,1,1,1,1,,(not set),bing,organic,(not provided),not available in demo dataset,,,,,,,,,
90,Organic Search,20160902,5386266931220991488,5386266931220991488_1472826138,Not Socially Engaged,1472826138,1,1472826138,Safari,not available in demo dataset,not available in demo dataset,iOS,not available in demo dataset,True,not available in demo dataset,not available in demo dataset,not available in demo dataset,not available in demo dataset,not available in demo dataset,not available in demo dataset,not available in demo dataset,not available in demo dataset,not available in demo dataset,mobile,Americas,Northern America,Canada,not available in demo dataset,not available in demo dataset,not available in demo dataset,not available in demo dataset,telus.net,not available in demo dataset,not available in demo dataset,not available in demo dataset,1,1,1,1,1,,(not set),google,organic,(not provided),not available in demo dataset,,,,,,,,,
91,Organic Search,20160902,6838019511792533303,6838019511792533303_1472884186,Not Socially Engaged,1472884186,1,1472884186,Chrome,not available in demo dataset,not available in demo dataset,iOS,not available in demo dataset,True,not available in demo dataset,not available in demo dataset,not available in demo dataset,not available in demo dataset,not available in demo dataset,not available in demo dataset,not available in demo dataset,not available in demo dataset,not available in demo dataset,mobile,Asia,Western Asia,United Arab Emirates,Dubai,(not set),Dubai,not available in demo dataset,alshamil.net.ae,not available in demo dataset,not available in demo dataset,not available in demo dataset,1,1,1,1,1,,(not set),google,organic,(not provided),not available in demo dataset,,,,,,,,,
92,Organic Search,20160902,6327916181981640310,6327916181981640310_1472854302,Not Socially Engaged,1472854302,1,1472854302,Chrome,not available in demo dataset,not available in demo dataset,Windows,not available in demo dataset,False,not available in demo dataset,not available in demo dataset,not available in demo dataset,not available in demo dataset,not available in demo dataset,not available in demo dataset,not available in demo dataset,not available in demo dataset,not available in demo dataset,desktop,Americas,Central America,Mexico,not available in demo dataset,not available in demo dataset,not available in demo dataset,not available in demo dataset,iusacell.net,not available in demo dataset,not available in demo dataset,not available in demo dataset,1,1,1,1,1,,(not set),google,organic,(not provided),not available in demo dataset,,,,,,,,,
93,Organic Search,20160902,5650637137146680834,5650637137146680834_1472820120,Not Socially Engaged,1472820120,1,1472820120,Chrome,not available in demo dataset,not available in demo dataset,Windows,not available in demo dataset,False,not available in demo dataset,not available in demo dataset,not available in demo dataset,not available in demo dataset,not available in demo dataset,not available in demo dataset,not available in demo dataset,not available in demo dataset,not available in demo dataset,desktop,Europe,Western Europe,Switzerland,not available in demo dataset,not available in demo dataset,not available in demo dataset,not available in demo dataset,roche.com,not available in demo dataset,not available in demo dataset,not available in demo dataset,1,1,1,1,1,,(not set),google,organic,(not provided),not available in demo dataset,,,,,,,,,
94,Organic Search,20160902,0113895825226302532,0113895825226302532_1472881883,Not Socially Engaged,1472881883,1,1472881883,Opera Mini,not available in demo dataset,not available in demo dataset,Android,not available in demo dataset,True,not available in demo dataset,not available in demo dataset,not available in demo dataset,not available in demo dataset,not available in demo dataset,not available in demo dataset,not available in demo dataset,not available in demo dataset,not available in demo dataset,mobile,Asia,Southern Asia,India,Delhi,(not set),New Delhi,not available in demo dataset,opera-mini.net,not available in demo dataset,not available in demo dataset,not available in demo dataset,1,1,1,1,1,,(not set),google,organic,Google store,not available in demo dataset,,,,,,,,,
95,Organic Search,20160902,7561246936334740030,7561246936334740030_1472809600,Not Socially Engaged,1472809600,1,1472809600,Opera,not available in demo dataset,not available in demo dataset,Android,not available in demo dataset,True,not available in demo dataset,not available in demo dataset,not available in demo dataset,not available in demo dataset,not available in demo dataset,not available in demo dataset,not available in demo dataset,not available in demo dataset,not available in demo dataset,mobile,Asia,Southeast Asia,Thailand,not available in demo dataset,not available in demo dataset,not available in demo dataset,not available in demo dataset,(not set),not available in demo dataset,not available in demo dataset,not available in demo dataset,1,1,1,1,1,,(not set),google,organic,(not provided),not available in demo dataset,,,,,,,,,
96,Referral,20160902,2486407044795377188,2486407044795377188_1472830426,Not Socially Engaged,1472830426,1,1472830426,Chrome,not available in demo dataset,not available in demo dataset,Windows,not available in demo dataset,False,not available in demo dataset,not available in demo dataset,not available in demo dataset,not available in demo dataset,not available in demo dataset,not available in demo dataset,not available in demo dataset,not available in demo dataset,not available in demo dataset,desktop,Americas,Northern America,United States,not available in demo dataset,not available in demo dataset,not available in demo dataset,not available in demo dataset,allianzlife.com,not available in demo dataset,not available in demo dataset,not available in demo dataset,1,1,1,1,1,,(not set),siliconvalley.about.com,referral,,not available in demo dataset,,/od/Things-To-Do-in-Silicon-Valley/fl/How-To-Visit-the-Googleplex-the-Google-Head-Office-in-Mountain-View.htm,,,,,,,
97,Organic Search,20160902,783804023290374133,783804023290374133_1472873350,Not Socially Engaged,1472873350,1,1472873350,Chrome,not available in demo dataset,not available in demo dataset,Macintosh,not available in demo dataset,False,not available in demo dataset,not available in demo dataset,not available in demo dataset,not available in demo dataset,not available in demo dataset,not available in demo dataset,not available in demo dataset,not available in demo dataset,not available in demo dataset,desktop,Asia,Southeast Asia,Thailand,Bangkok,(not set),Bangkok,not available in demo dataset,3bb.co.th,not available in demo dataset,not available in demo dataset,not available in demo dataset,1,1,1,1,1,,(not set),google,organic,(not provided),not available in demo dataset,,,,,,,,,
98,Organic Search,20160902,1779163354295581910,1779163354295581910_1472848050,Not Socially Engaged,1472848050,1,1472848050,Chrome,not available in demo dataset,not available in demo dataset,Windows,not available in demo dataset,False,not available in demo dataset,not available in demo dataset,not available in demo dataset,not available in demo dataset,not available in demo dataset,not available in demo dataset,not available in demo dataset,not available in demo dataset,not available in demo dataset,desktop,Americas,Central America,Mexico,not available in demo dataset,not available in demo dataset,not available in demo dataset,not available in demo dataset,prod-infinitum.com.mx,not available in demo dataset,not available in demo dataset,not available in demo dataset,1,1,1,1,1,,(not set),google,organic,(not provided),not available in demo dataset,,,,,,,,,
99,Organic Search,20160902,4904559133238424046,4904559133238424046_1472872837,Not Socially Engaged,1472872837,1,1472872837,Chrome,not available in demo dataset,not available in demo dataset,Macintosh,not available in demo dataset,False,not available in demo dataset,not available in demo dataset,not available in demo dataset,not available in demo dataset,not available in demo dataset,not available in demo dataset,not available in demo dataset,not available in demo dataset,not available in demo dataset,desktop,Asia,Southeast Asia,Thailand,not available in demo dataset,not available in demo dataset,not available in demo dataset,not available in demo dataset,violin.co.th,not available in demo dataset,not available in demo dataset,not available in demo dataset,1,1,1,1,1,,(not set),google,organic,(not provided),not available in demo dataset,,,,,,,,,
